{
  "rel_l2_per_step": [
    0.014699753373861313,
    0.025514565408229828,
    0.03943292051553726,
    0.05764269828796387,
    0.08104182034730911,
    0.11153364181518555,
    0.1501653641462326,
    0.19991837441921234,
    0.2617024779319763,
    0.33643820881843567
  ],
  "mean_rel_l2": 0.1278089825063944,
  "correlation_per_step": [
    0.9998953938484192,
    0.9996868968009949,
    0.9992445111274719,
    0.9983634948730469,
    0.9967097043991089,
    0.993575930595398,
    0.9884281754493713,
    0.9794331192970276,
    0.9646948575973511,
    0.9414832592010498
  ],
  "mean_correlation": 0.986151534318924,
  "pred_gamma_n": [
    0.677862823009491,
    0.6812953948974609,
    0.6920856833457947,
    0.6991638541221619,
    0.7035217881202698,
    0.7071178555488586,
    0.712933361530304,
    0.7207873463630676,
    0.7280831933021545,
    0.7301540970802307,
    0.7318078279495239
  ],
  "true_gamma_n": [
    0.677862823009491,
    0.6891087889671326,
    0.701762318611145,
    0.7098554968833923,
    0.7151572108268738,
    0.7204340696334839,
    0.7280752658843994,
    0.7371833920478821,
    0.7450515627861023,
    0.7476632595062256,
    0.7506362199783325
  ],
  "pred_E_total": [
    4.467633247375488,
    4.55018949508667,
    4.630843162536621,
    4.7080078125,
    4.779485702514648,
    4.84604549407959,
    4.91055965423584,
    4.972053527832031,
    5.03009033203125,
    5.08480167388916,
    5.13724422454834
  ],
  "true_E_total": [
    4.467633247375488,
    4.558844089508057,
    4.647639751434326,
    4.732775688171387,
    4.811885356903076,
    4.886399745941162,
    4.958993911743164,
    5.028407573699951,
    5.093722820281982,
    5.154183387756348,
    5.211981773376465
  ],
  "n_samples": 100,
  "n_steps": 10,
  "time_start": 200,
  "time_end": 249,
  "rollout_DT": 0.1
}