{
  "rel_l2_per_step": [
    0.17379702627658844,
    0.2483484148979187,
    0.31941407918930054,
    0.397943913936615,
    0.4860299229621887,
    0.5806150436401367,
    0.6805697679519653,
    0.7751181125640869,
    0.8627873063087463,
    0.9429621696472168
  ],
  "mean_rel_l2": 0.5467585757374763,
  "correlation_per_step": [
    0.9847762584686279,
    0.9686478972434998,
    0.9476537108421326,
    0.9180164933204651,
    0.8767842054367065,
    0.8230447769165039,
    0.7558963894844055,
    0.682350754737854,
    0.6052457094192505,
    0.5268929600715637
  ],
  "mean_correlation": 0.8089309155941009,
  "pred_gamma_n": [
    0.677862823009491,
    0.6694400906562805,
    0.6750184297561646,
    0.6788414120674133,
    0.6809692978858948,
    0.6841076016426086,
    0.6887015104293823,
    0.6950482130050659,
    0.6990007758140564,
    0.6996577382087708,
    0.6987403631210327
  ],
  "true_gamma_n": [
    0.677862823009491,
    0.6891087889671326,
    0.701762318611145,
    0.7098554968833923,
    0.7151572108268738,
    0.7204340696334839,
    0.7280752658843994,
    0.7371833920478821,
    0.7450515627861023,
    0.7476632595062256,
    0.7506362199783325
  ],
  "pred_E_total": [
    4.467633247375488,
    4.4589643478393555,
    4.489084243774414,
    4.523843765258789,
    4.556534767150879,
    4.585963249206543,
    4.615347385406494,
    4.6431732177734375,
    4.669826030731201,
    4.69384241104126,
    4.711533546447754
  ],
  "true_E_total": [
    4.467633247375488,
    4.558844089508057,
    4.647639751434326,
    4.732775688171387,
    4.811885356903076,
    4.886399745941162,
    4.958993911743164,
    5.028407573699951,
    5.093722820281982,
    5.154183387756348,
    5.211981773376465
  ],
  "n_samples": 100,
  "n_steps": 10,
  "time_start": 200,
  "time_end": 249,
  "rollout_DT": 1.0
}